unique_id,file_path
ENV000,outputENV000.mp3
ENV001,outputENV001.mp3
ENV002,outputENV002.mp3
ENV003,outputENV003.mp3
ENV004,outputENV004.mp3
ENV005,outputENV005.mp3
ENV006,outputENV006.mp3
ENV007,outputENV007.mp3
ENV008,outputENV008.mp3
ENV009,outputENV009.mp3
ENV010,outputENV010.mp3
ENV011,outputENV011.mp3
ENV012,outputENV012.mp3
ENV013,outputENV013.mp3
ENV014,outputENV014.mp3
ENV015,outputENV015.mp3
ENV016,outputENV016.mp3
ENV017,outputENV017.mp3
ENV018,outputENV018.mp3
ENV019,outputENV019.mp3
