"Scenario","Response"
"Climate Control","Setting cabin temperature to 72 degrees."
"Seat Heating","Activating seat heating for the driver's seat."
"Infotainment System","Playing 'Favorite Playlist'."
"Seat Adjustment","Adjusting driver's seat to saved preference."
"Ambient Lighting","Setting ambient lighting to 'Relax' mode."
"Ventilation","Increasing fan speed for better ventilation."
"Sunroof Control","Opening sunroof."
"Massage Seat","Activating massage function on the driver's seat."
"Voice Control Activation","Voice control activated. How may I assist you?"
"GPS Activation","Activating GPS. Please input your destination."
"Radio Tuning","Tuning to 101.5 FM."
"Wireless Charging","Wireless charging initiated for your device."
"Privacy Glass","Tinting rear windows for privacy."
"Music Volume","Increasing music volume."
"Navigation System","Setting destination to 'Home'."
"Phone Connectivity","Connecting to your phone via Bluetooth."
"Satellite Radio","Activating satellite radio."
"Media Streaming","Streaming media from connected device."
"Hands-Free Calling","Initiating hands-free calling."
"USB Connectivity","USB device connected. Media is available to play."
"Automated Parking","Initiating automated parking."
"Sports Mode Activation","Sports mode activated."
"Economy Mode Activation","Economy mode activated for fuel efficiency."
"Adaptive Cruise Control","Adaptive cruise control set to 70 mph."
"Rear View Camera","Activating rear view camera."
"Automatic Headlights","Automatic headlights activated."
"Automatic Wipers","Rain detected, activating automatic wipers."
"Cup Holder","Extending cup holder."
"Child Lock","Activating child lock for rear doors."
"Window Lock","Activating window lock."
"Rear Seat Entertainment","Activating rear seat entertainment system."
"Internet Connectivity","Connecting to the internet."
"Automated Trunk Opening","Opening trunk."
"Voice Command Recognition","Voice command recognized."
"Automated Fuel Cap Opening","Opening fuel cap."
"Automated Door Locking","Doors locked."
"Keyless Entry","Keyless entry activated."
"Automated Garage Opener","Activating garage door opener."
"Air Purification","Activating air purification system."
"Driver Profile Selection","Loading driver profile."
"Traffic Sign Recognition","Traffic sign recognized: Speed Limit 45 mph."
"Remote Start","Remote start activated."
"Remote Window Operation","Opening windows remotely."
"Blind Spot Monitoring","Blind spot monitoring activated."
"Automated Toll Payment","Paying toll automatically."
"Driver Monitoring","Monitoring driver for attentiveness."
"Emergency Call Setup","Setting up emergency call."
"Overhead Lighting","Activating overhead lighting."
"Reading Light","Activating reading light."
"Surround Sound","Surround sound activated."
"Automated Cabin Preconditioning","Preconditioning cabin to desired temperature."
"Driver Assistance Systems","Activating driver assistance systems."
"Multi-Zone Climate Control","Setting multi-zone climate control."
"Traffic Information","Fetching live traffic information."
"Voice Assistant","Hello, how can I assist you today?"
"Smartphone Integration","Smartphone integrated."
"Text Message Reading","Reading text message aloud."
"HUD Display Control","Adjusting Heads-Up Display."
"Exterior Lighting Customization","Setting exterior lighting to user preference."
"Interior Lighting Customization","Setting interior lighting to user preference."
"Wi-Fi Hotspot Setup","Setting up Wi-Fi hotspot."
"Hands-Free Texting","Sending text message: 'On my way.'"
"Automated Route Planning","Planning route based on traffic and weather conditions."
"Customizable Ambient Lighting","Setting ambient lighting to 'Sunset' mode."
"Adaptive Steering","Adaptive steering activated."
"Driver Seat Memory","Recalling driver seat memory settings."
"Passenger Seat Adjustment","Adjusting passenger seat."
"Automated Sunshade","Deploying sunshade."
"Gesture Control Activation","Gesture control activated."
"Language Setting","Setting language to Spanish."
"Vehicle Locator","Locating vehicle."
"Automated Diagnostics","Running automated diagnostics."
"Charging Station Locator","Locating nearest charging station."